﻿sectionNumber,title,label,remark
1,Introduction,,
2,Related work,,
3,chart component extraction,,
3.1,graphic component extraction,,
3.2,text component extraction,,
4,component role classifaction,,
4.1,graphic component classification,,
4.2,text region classification,,
5,semantic analysis,,
5.1,data interface,,
5.2,semantic graph representation,,
5.3,chart synoposis,,
6,evaluation,,
6.1,graphics role labeling,,
6.2,text role labeling,,
6.3,data extraction accuracy,,
7,conclusion,,
